"Data","Último","Abertura","Máxima","Mínima","Var%"
"16.09.2022","328,140","328,140","328,140","328,140","0,69%"
"15.09.2022","325,880","325,880","325,880","325,880","2,44%"
"14.09.2022","318,130","318,130","318,130","318,130","-7,18%"
"13.09.2022","342,740","342,740","342,740","342,740","7,74%"
"12.09.2022","318,130","318,130","318,130","318,130","-7,29%"
"09.09.2022","343,140","343,140","343,140","343,140","0,12%"
"08.09.2022","342,740","342,740","342,740","342,740","0,12%"
"07.09.2022","342,320","342,320","342,320","342,320","0,02%"
"06.09.2022","342,240","342,240","342,240","342,240","-0,15%"
"05.09.2022","342,740","342,740","342,740","342,740","0,00%"
"02.09.2022","342,740","342,740","342,740","342,740","-0,74%"
"01.09.2022","345,310","345,310","345,310","345,310","0,69%"
"31.08.2022","342,940","342,940","342,940","342,940","-0,19%"
"30.08.2022","343,600","343,600","343,600","343,600","0,47%"
"29.08.2022","341,980","341,980","341,980","341,980","2,29%"
"26.08.2022","334,310","334,310","334,310","334,310","-0,93%"
"25.08.2022","337,450","337,450","337,450","337,450","-1,33%"
"24.08.2022","342,000","342,000","342,000","342,000","-4,22%"
"23.08.2022","357,080","357,080","357,080","357,080","2,77%"
"22.08.2022","347,440","347,440","347,440","347,440","3,25%"
"19.08.2022","336,500","336,500","336,500","336,500","-0,15%"
"18.08.2022","337,020","337,020","337,020","337,020","1,73%"
"17.08.2022","331,290","331,290","331,290","331,290","1,45%"
"16.08.2022","326,560","326,560","326,560","326,560","0,82%"
"15.08.2022","323,910","323,910","323,910","323,910","-3,22%"
"12.08.2022","334,700","334,700","334,700","334,700","0,64%"
"11.08.2022","332,580","332,580","332,580","332,580","-4,86%"
"10.08.2022","349,580","349,580","349,580","349,580","1,78%"
"09.08.2022","343,460","343,460","343,460","343,460","-3,84%"
"08.08.2022","357,170","357,170","357,170","357,170","1,08%"
"05.08.2022","353,360","353,360","353,360","353,360","-1,36%"
"04.08.2022","358,250","358,250","358,250","358,250","-2,60%"
"03.08.2022","367,830","367,830","367,830","367,830","3,33%"
"02.08.2022","355,970","355,970","355,970","355,970","0,41%"
"01.08.2022","354,500","354,500","354,500","354,500","-1,22%"
"29.07.2022","358,880","358,880","358,880","358,880","-1,59%"
"28.07.2022","364,690","364,690","364,690","364,690","-3,99%"
"27.07.2022","379,830","379,830","379,830","379,830","1,96%"
"26.07.2022","372,520","372,520","372,520","372,520","-1,10%"
"25.07.2022","376,660","376,660","376,660","376,660","0,56%"
"22.07.2022","374,560","374,560","374,560","374,560","-1,43%"
"21.07.2022","380,010","380,010","380,010","380,010","-3,60%"
"20.07.2022","394,200","394,200","394,200","394,200","-3,24%"
"19.07.2022","407,400","407,400","407,400","407,400","0,84%"
"18.07.2022","404,000","404,000","404,000","404,000","-1,27%"
"15.07.2022","409,210","409,210","409,210","409,210","2,57%"
"14.07.2022","398,950","398,950","398,950","398,950","2,06%"
"13.07.2022","390,890","390,890","390,890","390,890","2,99%"
"12.07.2022","379,540","379,540","379,540","379,540","1,95%"
"11.07.2022","372,270","372,270","372,270","372,270","0,04%"
"08.07.2022","372,110","372,110","372,110","372,110","-3,69%"
"07.07.2022","386,350","386,350","386,350","386,350","1,22%"
"06.07.2022","381,690","381,690","381,690","381,690","0,14%"
"05.07.2022","381,160","381,160","381,160","381,160","1,60%"
"04.07.2022","375,160","375,160","375,160","375,160","0,16%"
"01.07.2022","374,560","374,560","374,560","374,560","-0,34%"
"30.06.2022","375,840","375,840","375,840","375,840","-1,51%"
"29.06.2022","381,600","381,600","381,600","381,600","3,91%"
"28.06.2022","367,250","367,250","367,250","367,250","0,08%"
"27.06.2022","366,950","366,950","366,950","366,950","-1,64%"
"24.06.2022","373,070","373,070","373,070","373,070","1,33%"
"23.06.2022","368,190","368,190","368,190","368,190","1,69%"
"22.06.2022","362,070","362,070","362,070","362,070","4,80%"
"21.06.2022","345,500","345,500","345,500","345,500","-0,09%"
"20.06.2022","345,800","345,800","345,800","345,800","0,14%"
"17.06.2022","345,300","345,300","345,300","345,300","0,17%"
"16.06.2022","344,700","344,700","344,700","344,700","-4,24%"
"15.06.2022","359,960","359,960","359,960","359,960","0,83%"
"14.06.2022","356,990","356,990","356,990","356,990","4,58%"
"13.06.2022","341,340","341,340","341,340","341,340","2,20%"
"10.06.2022","333,990","333,990","333,990","333,990","2,05%"
"09.06.2022","327,270","327,270","327,270","327,270","1,78%"
"08.06.2022","321,560","321,560","321,560","321,560","0,39%"
"07.06.2022","320,310","320,310","320,310","320,310","2,06%"
"06.06.2022","313,830","313,830","313,830","313,830","1,37%"
"03.06.2022","309,600","309,600","309,600","309,600","0,67%"
"02.06.2022","307,530","307,530","307,530","307,530","-0,03%"
"01.06.2022","307,610","307,610","307,610","307,610","0,69%"
"31.05.2022","305,500","305,500","305,500","305,500","0,25%"
"30.05.2022","304,730","304,730","304,730","304,730","-0,65%"
"27.05.2022","306,710","306,710","306,710","306,710","-1,49%"
"26.05.2022","311,360","311,360","311,360","311,360","-3,24%"
"25.05.2022","321,800","321,800","321,800","321,800","-0,61%"
"24.05.2022","323,760","323,760","323,760","323,760","-1,93%"
"23.05.2022","330,120","330,120","330,120","330,120","0,27%"
"20.05.2022","329,220","329,220","329,220","329,220","0,37%"
"19.05.2022","328,000","328,000","328,000","328,000","2,03%"
"18.05.2022","321,480","321,480","321,480","321,480","-0,55%"
"17.05.2022","323,270","323,270","323,270","323,270","0,21%"
"16.05.2022","322,600","322,600","322,600","322,600","-1,08%"
"13.05.2022","326,130","326,130","326,130","326,130","0,15%"
"12.05.2022","325,630","325,630","325,630","325,630","0,00%"
"11.05.2022","325,630","325,630","325,630","325,630","-0,60%"
"10.05.2022","327,600","327,600","327,600","327,600","3,55%"
"09.05.2022","316,360","316,360","316,360","316,360","4,63%"
"06.05.2022","302,370","302,370","302,370","302,370","0,00%"
"05.05.2022","302,370","302,370","302,370","302,370","-2,40%"
"04.05.2022","309,820","309,820","309,820","309,820","-1,40%"
"03.05.2022","314,220","314,220","314,220","314,220","0,77%"
"02.05.2022","311,810","311,810","311,810","311,810","3,57%"
"29.04.2022","301,050","301,050","301,050","301,050","-1,26%"
"28.04.2022","304,900","304,900","304,900","304,900","-0,61%"
"27.04.2022","306,770","306,770","306,770","306,770","2,15%"
"26.04.2022","300,300","300,300","300,300","300,300","-0,58%"
"25.04.2022","302,040","302,040","302,040","302,040","2,02%"
"22.04.2022","296,050","296,050","296,050","296,050","2,76%"
"21.04.2022","288,110","288,110","288,110","288,110","-1,59%"
"20.04.2022","292,760","292,760","292,760","292,760","-1,90%"
"19.04.2022","298,420","298,420","298,420","298,420","0,72%"
"18.04.2022","296,280","296,280","296,280","296,280","-0,33%"
"15.04.2022","297,260","297,260","297,260","297,260","1,04%"
"14.04.2022","294,210","294,210","294,210","294,210","-0,78%"
"13.04.2022","296,530","296,530","296,530","296,530","-0,75%"
"12.04.2022","298,770","298,770","298,770","298,770","1,88%"
"11.04.2022","293,260","293,260","293,260","293,260","1,16%"
"08.04.2022","289,910","289,910","289,910","289,910","1,13%"
"07.04.2022","286,670","286,670","286,670","286,670","0,53%"
"06.04.2022","285,150","285,150","285,150","285,150","1,55%"
"05.04.2022","280,800","280,800","280,800","280,800","-0,77%"
"04.04.2022","282,970","282,970","282,970","282,970","-0,39%"
"01.04.2022","284,080","284,080","284,080","284,080","0,84%"
"31.03.2022","281,720","281,720","281,720","281,720","0,96%"
"30.03.2022","279,030","279,030","279,030","279,030","-2,45%"
"29.03.2022","286,050","286,050","286,050","286,050","-1,47%"
"28.03.2022","290,310","290,310","290,310","290,310","-0,71%"
"25.03.2022","292,380","292,380","292,380","292,380","-0,77%"
"24.03.2022","294,650","294,650","294,650","294,650","0,80%"
"23.03.2022","292,320","292,320","292,320","292,320","-1,27%"
"22.03.2022","296,080","296,080","296,080","296,080","4,73%"
"21.03.2022","282,700","282,700","282,700","282,700","-0,06%"
"18.03.2022","282,880","282,880","282,880","282,880","-1,87%"
"17.03.2022","288,280","288,280","288,280","288,280","-4,07%"
"16.03.2022","300,500","300,500","300,500","300,500","-1,22%"
"15.03.2022","304,200","304,200","304,200","304,200","0,09%"
"14.03.2022","303,940","303,940","303,940","303,940","2,13%"
"11.03.2022","297,590","297,590","297,590","297,590","-0,05%"
"10.03.2022","297,730","297,730","297,730","297,730","-2,77%"
"09.03.2022","306,200","306,200","306,200","306,200","-1,80%"
"08.03.2022","311,810","311,810","311,810","311,810","2,31%"
"07.03.2022","304,770","304,770","304,770","304,770","2,04%"
"04.03.2022","298,680","298,680","298,680","298,680","-1,65%"
"03.03.2022","303,690","303,690","303,690","303,690","-0,12%"
"02.03.2022","304,070","304,070","304,070","304,070","1,17%"
"01.03.2022","300,560","300,560","300,560","300,560","0,46%"
"28.02.2022","299,180","299,180","299,180","299,180","-1,79%"
"25.02.2022","304,640","304,640","304,640","304,640","-1,50%"
"24.02.2022","309,290","309,290","309,290","309,290","1,35%"
"23.02.2022","305,170","305,170","305,170","305,170","-0,13%"
"22.02.2022","305,570","305,570","305,570","305,570","0,07%"
"21.02.2022","305,350","305,350","305,350","305,350","0,99%"
"18.02.2022","302,360","302,360","302,360","302,360","1,20%"
"17.02.2022","298,770","298,770","298,770","298,770","-1,47%"
"16.02.2022","303,230","303,230","303,230","303,230","-1,71%"
"15.02.2022","308,500","308,500","308,500","308,500","0,11%"
"14.02.2022","308,150","308,150","308,150","308,150","1,56%"
"11.02.2022","303,410","303,410","303,410","303,410","2,74%"
"10.02.2022","295,320","295,320","295,320","295,320","-1,72%"
"09.02.2022","300,490","300,490","300,490","300,490","-0,17%"
"08.02.2022","301,000","301,000","301,000","301,000","-0,35%"
"07.02.2022","302,070","302,070","302,070","302,070","1,12%"
"04.02.2022","298,730","298,730","298,730","298,730","1,94%"
"03.02.2022","293,050","293,050","293,050","293,050","-1,07%"
"02.02.2022","296,220","296,220","296,220","296,220","-2,81%"
"01.02.2022","304,770","304,770","304,770","304,770","-0,82%"
"31.01.2022","307,300","307,300","307,300","307,300","0,29%"
"28.01.2022","306,410","306,410","306,410","306,410","0,52%"
"27.01.2022","304,820","304,820","304,820","304,820","0,63%"
"26.01.2022","302,900","302,900","302,900","302,900","0,39%"
"25.01.2022","301,730","301,730","301,730","301,730","1,11%"
"24.01.2022","298,410","298,410","298,410","298,410","-2,34%"
"21.01.2022","305,560","305,560","305,560","305,560","1,32%"
"20.01.2022","301,590","301,590","301,590","301,590","-1,30%"
"19.01.2022","305,560","305,560","305,560","305,560","1,42%"
"18.01.2022","301,280","301,280","301,280","301,280","-0,10%"
"17.01.2022","301,590","301,590","301,590","301,590","1,37%"
"14.01.2022","297,500","297,500","297,500","297,500","2,87%"
"13.01.2022","289,200","289,200","289,200","289,200","0,03%"
"12.01.2022","289,120","289,120","289,120","289,120","-1,11%"
"11.01.2022","292,360","292,360","292,360","292,360","0,26%"
"10.01.2022","291,590","291,590","291,590","291,590","0,31%"
"07.01.2022","290,690","290,690","290,690","290,690","-0,03%"
"06.01.2022","290,780","290,780","290,780","290,780","2,58%"
"05.01.2022","283,470","283,470","290,480","283,470","0,68%"
"04.01.2022","281,550","281,550","281,920","281,550","-0,32%"
"03.01.2022","282,450","282,450","282,450","281,670","0,11%"
"31.12.2021","282,130","282,310","282,310","282,130","-0,74%"
"30.12.2021","284,230","284,850","284,850","284,230","-0,27%"
"29.12.2021","285,010","286,260","286,260","285,010","-0,06%"
"28.12.2021","285,190","286,250","286,250","285,190","-0,33%"
"27.12.2021","286,140","289,580","289,580","286,140","-1,19%"
"24.12.2021","289,580","289,880","289,880","289,580","0,10%"
"23.12.2021","289,300","295,740","295,740","289,300","-1,89%"
"22.12.2021","294,860","298,190","298,190","294,860","-0,87%"
"21.12.2021","297,440","302,430","302,430","297,440","-1,96%"
"20.12.2021","303,380","302,240","303,380","302,240","0,75%"
"17.12.2021","301,120","299,000","301,120","299,000","1,10%"
"16.12.2021","297,840","297,620","297,840","297,620","-0,26%"
"15.12.2021","298,610","301,560","301,560","298,610","-0,82%"
"14.12.2021","301,090","299,840","301,090","299,840","0,82%"
"13.12.2021","298,650","298,420","298,650","298,420","0,17%"
"10.12.2021","298,130","299,210","299,210","298,130","-0,04%"
"09.12.2021","298,240","292,990","298,240","292,990","2,36%"
"08.12.2021","291,370","299,000","299,000","291,370","-1,42%"
"07.12.2021","295,570","309,570","309,570","295,570","-4,36%"
"06.12.2021","309,050","314,690","314,690","309,050","-1,27%"
"03.12.2021","313,020","314,830","314,830","313,020","-0,14%"
"02.12.2021","313,450","323,480","323,480","313,450","-3,21%"
"01.12.2021","323,840","332,120","332,120","323,840","-2,71%"
"30.11.2021","332,870","332,640","332,870","332,640","0,30%"
"29.11.2021","331,890","340,730","340,730","331,890","-2,87%"
"26.11.2021","341,680","316,090","341,680","316,090","5,38%"
"25.11.2021","324,250","323,480","324,810","323,480","0,03%"
"24.11.2021","324,150","323,480","324,150","323,480","0,56%"
"23.11.2021","322,360","320,410","322,360","320,410","1,04%"
"22.11.2021","319,030","314,400","319,030","314,400","1,67%"
"19.11.2021","313,800","314,390","314,390","313,800","-0,17%"
"18.11.2021","314,340","316,090","316,090","314,340","-0,33%"
"17.11.2021","315,380","314,730","315,380","314,730","0,28%"
"16.11.2021","314,510","314,030","314,510","314,030","0,57%"
"15.11.2021","312,730","312,050","312,730","312,050","0,30%"
"12.11.2021","311,810","314,590","314,590","311,810","-0,78%"
"11.11.2021","314,260","315,970","315,970","314,260","-0,16%"
"10.11.2021","314,760","311,140","314,760","311,140","1,65%"
"09.11.2021","309,650","312,260","312,260","309,650","-0,99%"
"08.11.2021","312,760","306,970","312,760","306,970","0,27%"
"05.11.2021","311,920","317,870","317,870","311,920","-1,20%"
"04.11.2021","315,700","324,730","324,730","315,700","-3,61%"
"03.11.2021","327,530","330,480","330,480","327,530","-0,59%"
"02.11.2021","329,470","327,860","329,470","327,860","0,22%"
"01.11.2021","328,760","323,790","328,760","323,790","1,35%"
"29.10.2021","324,390","316,280","324,390","316,280","3,15%"
"28.10.2021","314,480","310,160","314,480","310,160","2,23%"
"27.10.2021","307,620","306,970","307,620","306,970","0,39%"
"26.10.2021","306,420","305,880","306,420","305,880","0,32%"
"25.10.2021","305,450","315,270","315,270","305,450","-4,32%"
"22.10.2021","319,240","307,480","319,240","307,480","3,44%"
"21.10.2021","308,630","294,580","308,630","294,580","5,13%"
"20.10.2021","293,570","291,870","293,570","291,870","0,54%"
"19.10.2021","291,990","285,300","291,990","285,300","2,33%"
"18.10.2021","285,340","283,690","285,340","283,690","0,55%"
"15.10.2021","283,790","284,010","284,010","283,790","-0,05%"
"14.10.2021","283,940","290,760","290,760","283,940","-2,33%"
"13.10.2021","290,710","291,760","291,760","290,710","-0,16%"
"12.10.2021","291,180","288,280","291,180","288,280","1,68%"
"11.10.2021","286,370","288,270","288,270","286,370","0,00%"
"08.10.2021","286,360","285,510","286,360","285,510","0,56%"
"07.10.2021","284,760","288,910","288,910","284,760","-1,44%"
"06.10.2021","288,920","288,180","288,920","288,180","0,51%"
"05.10.2021","287,460","288,110","288,110","287,460","-0,35%"
"04.10.2021","288,460","283,780","288,460","283,780","2,08%"
"01.10.2021","282,570","285,060","285,060","282,570","-0,78%"
"30.09.2021","284,780","285,940","285,940","284,780","0,27%"
"29.09.2021","284,000","287,370","287,370","284,000","-1,01%"
"28.09.2021","286,910","281,660","286,910","281,660","1,83%"
"27.09.2021","281,750","279,720","281,750","279,720","1,04%"
"24.09.2021","278,840","274,560","278,840","274,560","1,50%"
"23.09.2021","274,730","274,720","274,730","274,720","-0,15%"
"22.09.2021","275,130","276,560","276,560","275,130","-0,88%"
"21.09.2021","277,560","277,070","277,560","277,070","0,84%"
"20.09.2021","275,240","261,490","275,240","261,490","4,94%"
"17.09.2021","262,290","260,600","262,290","260,600","0,29%"
"16.09.2021","261,540","259,480","261,540","259,480","0,07%"
"15.09.2021","261,350","261,920","261,920","261,350","-0,07%"
"14.09.2021","261,530","260,150","261,530","260,150","0,51%"
"13.09.2021","260,200","259,530","260,200","259,530","-0,00%"
"10.09.2021","260,210","261,020","261,020","260,210","-1,99%"
"09.09.2021","265,490","262,030","265,490","262,030","1,43%"
"08.09.2021","261,750","258,180","261,750","258,180","1,14%"
"07.09.2021","258,810","256,440","258,810","256,440","0,64%"
"06.09.2021","257,160","256,540","257,160","256,540","-0,02%"
"03.09.2021","257,200","256,810","257,200","256,810","0,05%"
"02.09.2021","257,080","258,280","258,280","257,080","-0,51%"
"01.09.2021","258,400","258,410","258,410","258,400","-0,11%"
"31.08.2021","258,690","255,270","258,690","255,270","0,91%"
"30.08.2021","256,350","262,120","262,120","256,350","-1,02%"
"27.08.2021","258,990","262,120","262,120","258,990","-1,31%"
"26.08.2021","262,430","262,440","262,440","262,430","-0,03%"
"25.08.2021","262,500","265,200","265,200","262,500","-1,29%"
"24.08.2021","265,940","268,660","268,660","265,940","-1,08%"
"23.08.2021","268,840","269,830","269,830","268,840","-0,95%"
"20.08.2021","271,410","270,490","271,410","270,490","0,19%"
"19.08.2021","270,890","266,040","270,890","266,040","2,18%"
"18.08.2021","265,110","260,880","265,110","260,880","1,18%"
"17.08.2021","262,010","258,160","262,010","258,160","1,01%"
"16.08.2021","259,390","257,070","259,390","257,070","0,80%"
"13.08.2021","257,320","258,560","258,560","257,320","-0,32%"
"12.08.2021","258,150","261,780","261,780","258,150","-1,39%"
"11.08.2021","261,780","263,320","263,320","261,780","-0,83%"
"10.08.2021","263,960","262,310","263,960","262,310","0,28%"
"09.08.2021","263,220","261,650","263,220","261,650","0,66%"
"06.08.2021","261,490","260,690","261,490","260,690","0,32%"
"05.08.2021","260,650","256,590","260,650","256,590","1,11%"
"04.08.2021","257,790","255,430","257,790","255,430","-0,01%"
"03.08.2021","257,820","255,190","257,820","255,190","0,71%"
"02.08.2021","256,010","254,340","256,010","254,340","0,76%"
"30.07.2021","254,080","250,960","254,080","250,960","1,18%"
"29.07.2021","251,120","253,610","253,610","251,120","-1,61%"
"28.07.2021","255,220","254,300","255,220","254,300","0,02%"
"27.07.2021","255,180","251,790","255,180","251,790","1,15%"
"26.07.2021","252,270","250,860","252,270","250,860","0,26%"
"23.07.2021","251,620","251,610","251,620","251,610","0,12%"
"22.07.2021","251,320","252,230","252,230","251,320","-0,40%"
"21.07.2021","252,330","252,680","252,680","252,330","-1,52%"
"20.07.2021","256,220","256,610","256,610","256,220","-0,71%"
"19.07.2021","258,040","252,620","258,040","252,620","1,61%"
"16.07.2021","253,940","252,350","253,940","252,350","0,02%"
"15.07.2021","253,900","250,370","253,900","250,370","1,65%"
"14.07.2021","249,780","255,820","255,820","249,780","-2,62%"
"13.07.2021","256,510","251,670","256,510","251,670","1,94%"
"12.07.2021","251,630","252,070","252,070","251,630","-0,45%"
"09.07.2021","252,760","253,300","253,300","252,760","-0,67%"
"08.07.2021","254,470","248,570","254,470","248,570","1,57%"
"07.07.2021","250,530","247,330","250,530","247,330","1,21%"
"06.07.2021","247,530","243,020","247,530","243,020","1,41%"
"05.07.2021","244,100","242,740","244,100","242,740","0,04%"
"02.07.2021","244,010","245,020","245,020","244,010","-0,87%"
"01.07.2021","246,150","243,830","246,150","243,830","0,19%"
"30.06.2021","245,690","239,200","245,690","239,200","2,35%"
"29.06.2021","240,060","237,110","240,060","237,110","1,17%"
"28.06.2021","237,290","237,410","237,410","237,290","0,14%"
"25.06.2021","236,950","238,240","238,240","236,950","-0,48%"
"24.06.2021","238,090","241,330","241,330","238,090","-1,69%"
"23.06.2021","242,190","242,860","242,860","242,190","-0,26%"
"22.06.2021","242,830","244,130","244,130","242,830","-1,35%"
"21.06.2021","246,160","245,520","246,160","245,520","-0,53%"
"18.06.2021","247,470","242,700","247,470","242,700","2,39%"
"17.06.2021","241,700","243,100","243,100","241,700","-0,38%"
"16.06.2021","242,630","238,710","253,840","238,710","0,96%"
"15.06.2021","240,330","240,320","240,330","240,320","0,02%"
"14.06.2021","240,280","238,710","240,280","238,710","0,97%"
"11.06.2021","237,970","238,330","238,330","237,970","0,16%"
"10.06.2021","237,580","239,330","239,330","237,580","-0,07%"
"09.06.2021","237,750","240,320","240,320","237,750","-0,53%"
"08.06.2021","239,010","241,460","241,460","239,010","-0,81%"
"07.06.2021","240,970","241,000","241,000","240,970","0,18%"
"04.06.2021","240,540","244,520","244,520","240,540","-1,19%"
"03.06.2021","243,430","242,250","243,430","242,250","0,83%"
"02.06.2021","241,430","246,470","246,470","241,430","-1,69%"
"01.06.2021","245,590","250,330","250,330","245,590","-1,41%"
"31.05.2021","249,100","249,910","249,910","249,100","0,07%"
"28.05.2021","248,920","251,100","251,100","248,920","-0,11%"
"27.05.2021","249,190","255,270","255,270","249,190","-1,46%"
"26.05.2021","252,880","255,270","255,270","252,880","-0,38%"
"25.05.2021","253,850","255,470","255,470","253,850","-0,06%"
"24.05.2021","253,990","257,540","257,540","253,990","-0,38%"
"21.05.2021","254,970","255,180","255,180","254,970","0,79%"
"20.05.2021","252,960","259,680","259,680","252,960","-2,06%"
"19.05.2021","258,280","257,450","258,280","257,450","1,03%"
"18.05.2021","255,640","255,180","255,640","255,180","0,58%"
"17.05.2021","254,160","253,600","254,160","253,600","0,83%"
"14.05.2021","252,080","255,200","255,200","252,080","-0,87%"
"13.05.2021","254,290","257,860","257,860","254,290","-0,90%"
"12.05.2021","256,600","252,740","256,600","252,740","2,02%"
"11.05.2021","251,510","250,800","251,510","250,800","0,91%"
"10.05.2021","249,250","267,600","267,600","249,250","-0,80%"
"07.05.2021","251,270","261,160","261,160","251,270","-3,41%"
"06.05.2021","260,140","267,600","267,600","260,140","-2,60%"
"05.05.2021","267,080","271,430","271,430","267,080","-1,13%"
"04.05.2021","270,120","269,570","270,120","269,570","0,77%"
"03.05.2021","268,050","268,690","268,690","268,050","0,57%"
"30.04.2021","266,540","266,960","266,960","266,540","0,10%"
"29.04.2021","266,270","269,550","269,550","266,270","-0,65%"
"28.04.2021","268,000","272,840","272,840","268,000","-0,97%"
"27.04.2021","270,620","268,770","270,620","268,770","1,34%"
"26.04.2021","267,030","266,930","267,030","266,930","0,49%"
"23.04.2021","265,730","269,620","269,620","265,730","-0,90%"
"22.04.2021","268,140","273,500","273,500","268,140","-1,69%"
"21.04.2021","272,760","276,080","276,080","272,760","-0,53%"
"20.04.2021","274,200","272,480","274,200","272,480","1,22%"
"19.04.2021","270,900","277,390","277,390","270,900","-1,71%"
"16.04.2021","275,600","284,380","284,380","275,600","-2,22%"
"15.04.2021","281,860","292,330","292,330","281,860","-3,22%"
"14.04.2021","291,250","293,670","293,670","291,250","-0,51%"
"13.04.2021","292,740","297,110","297,110","292,740","-0,89%"
"12.04.2021","295,380","296,310","296,310","295,380","-0,29%"
"09.04.2021","296,240","295,680","296,240","295,680","0,96%"
"08.04.2021","293,420","300,830","300,830","293,420","-1,75%"
"07.04.2021","298,640","294,470","298,640","294,470","2,41%"
"06.04.2021","291,620","298,330","298,330","291,620","-1,77%"
"05.04.2021","296,860","298,430","298,430","296,860","-0,29%"
"02.04.2021","297,730","297,620","297,730","297,620","0,29%"
"01.04.2021","296,870","299,230","299,230","296,870","-0,01%"
"31.03.2021","296,900","305,680","305,680","296,900","-2,43%"
"30.03.2021","304,290","304,070","304,290","304,070","0,85%"
"29.03.2021","301,730","297,450","301,730","297,450","2,22%"
"26.03.2021","295,190","295,320","295,320","295,190","0,16%"
"25.03.2021","294,710","286,720","294,710","286,720","3,19%"
"24.03.2021","285,600","282,450","285,600","282,450","1,65%"
"23.03.2021","280,970","274,200","280,970","274,200","4,41%"
"22.03.2021","269,090","268,690","269,090","268,690","-0,06%"
"19.03.2021","269,260","275,450","275,450","269,260","-2,29%"
"18.03.2021","275,580","271,340","275,580","271,340","0,95%"
"17.03.2021","272,990","277,000","277,000","272,990","-1,65%"
"16.03.2021","277,580","278,830","278,830","277,580","-0,43%"
"15.03.2021","278,780","278,600","278,780","278,600","-0,08%"
"12.03.2021","279,010","275,130","279,010","275,130","1,57%"
"11.03.2021","274,710","286,350","286,350","274,710","-5,03%"
"10.03.2021","289,250","290,720","290,720","289,250","0,01%"
"09.03.2021","289,210","296,410","296,410","289,210","-1,51%"
"08.03.2021","293,630","272,340","293,630","272,340","7,63%"
"05.03.2021","272,820","273,810","273,810","272,820","-0,04%"
"04.03.2021","272,930","270,910","272,930","270,910","0,64%"
"03.03.2021","271,190","271,110","271,190","271,110","-0,88%"
"02.03.2021","273,610","262,900","273,610","262,900","3,63%"
"01.03.2021","264,030","271,520","271,520","264,030","-2,85%"
"26.02.2021","271,780","265,780","271,780","265,780","1,08%"
"25.02.2021","268,870","250,280","268,870","250,280","7,32%"
"24.02.2021","250,540","254,030","254,030","250,540","-1,15%"
"23.02.2021","253,460","261,090","261,090","253,460","-3,40%"
"22.02.2021","262,382","242,990","262,382","242,990","8,66%"
"19.02.2021","241,470","238,890","241,470","238,890","1,35%"
"18.02.2021","238,260","237,740","238,260","237,740","1,47%"
"17.02.2021","234,800","236,580","236,580","234,800","0,16%"
"16.02.2021","234,420","233,110","234,420","233,110","1,19%"
"15.02.2021","231,670","233,320","233,320","231,670","0,10%"
"12.02.2021","231,430","233,150","233,150","231,430","-0,02%"
"11.02.2021","231,480","234,740","234,740","231,480","-0,91%"
"10.02.2021","233,600","235,820","235,820","233,600","-0,68%"
"09.02.2021","235,190","229,220","235,190","229,220","3,12%"
"08.02.2021","228,070","229,260","229,260","228,070","0,33%"
"05.02.2021","227,330","229,240","229,240","227,330","-0,17%"
"04.02.2021","227,710","232,210","232,210","227,710","-0,74%"
"03.02.2021","229,400","241,720","241,720","229,400","-0,56%"
"02.02.2021","230,700","241,720","241,720","230,700","-4,03%"
"01.02.2021","240,390","246,500","246,500","240,390","-2,79%"
"29.01.2021","247,290","245,620","247,290","245,620","1,27%"
"28.01.2021","244,200","233,510","244,200","233,510","-1,07%"
"27.01.2021","246,840","246,430","246,840","246,430","0,49%"
"26.01.2021","245,640","246,430","246,430","245,640","-0,60%"
"25.01.2021","247,120","240,930","247,120","240,930","2,25%"
"22.01.2021","241,690","238,260","241,690","238,260","1,23%"
"21.01.2021","238,760","231,600","238,760","231,600","2,49%"
"20.01.2021","232,950","233,510","233,510","232,950","-1,28%"
"19.01.2021","235,960","233,340","235,960","233,340","0,07%"
"18.01.2021","235,790","233,340","235,790","233,340","-0,01%"
"15.01.2021","235,810","225,970","235,810","225,970","3,58%"
"14.01.2021","227,670","227,070","227,670","227,070","1,67%"
"13.01.2021","223,920","227,870","227,870","223,920","-1,73%"
"12.01.2021","227,860","227,070","227,860","227,070","0,16%"
"11.01.2021","227,490","221,370","227,490","221,370","2,22%"
"08.01.2021","222,540","218,480","222,540","218,480","1,41%"
"07.01.2021","219,450","214,660","219,450","214,660","2,40%"
"06.01.2021","214,310","211,600","214,310","211,600","0,00%"
"05.01.2021","214,300","208,500","214,300","208,500","2,95%"
"04.01.2021","208,161","208,161","208,161","208,161","-0,37%"
"01.01.2021","208,940","207,590","208,940","207,590","0,00%"
"31.12.2020","208,940","207,700","208,940","207,700","-0,09%"
"30.12.2020","209,120","207,700","209,120","207,700","-0,31%"
"29.12.2020","209,770","209,590","209,770","209,590","-0,92%"
"28.12.2020","211,720","210,500","211,720","210,500","0,03%"
"25.12.2020","211,660","210,500","211,660","210,500","0,00%"
"24.12.2020","211,660","212,550","212,550","211,660","-1,18%"
"23.12.2020","214,180","215,270","215,270","214,180","-0,96%"
"22.12.2020","216,260","217,250","217,250","216,260","-0,67%"
"21.12.2020","217,720","215,370","217,720","215,370","0,70%"
"18.12.2020","216,200","213,450","216,200","213,450","1,05%"
"17.12.2020","213,960","215,340","215,340","213,960","-0,83%"
"16.12.2020","215,750","215,370","215,750","215,370","-0,19%"
"15.12.2020","216,150","219,980","219,980","216,150","-0,73%"
"14.12.2020","217,740","219,980","219,980","217,740","-1,46%"
"11.12.2020","220,970","218,940","220,970","218,940","0,54%"
"10.12.2020","219,790","231,450","231,450","219,790","-0,91%"
"09.12.2020","221,810","219,980","221,810","219,980","0,64%"
"08.12.2020","220,390","220,730","220,730","220,390","0,03%"
"07.12.2020","220,320","231,450","231,450","220,320","0,48%"
"04.12.2020","219,260","218,900","219,260","218,900","0,10%"
"03.12.2020","219,040","221,940","221,940","219,040","-1,44%"
"02.12.2020","222,240","222,220","222,240","222,220","0,33%"
"01.12.2020","221,500","231,450","231,450","221,500","-4,66%"
"30.11.2020","232,330","229,270","232,330","229,270","1,01%"
"27.11.2020","230,000","231,440","231,440","230,000","-1,19%"
"26.11.2020","232,760","232,290","232,760","232,290","0,02%"
"25.11.2020","232,720","231,440","232,720","231,440","0,03%"
"24.11.2020","232,640","237,190","237,190","232,640","-2,24%"
"23.11.2020","237,960","237,870","237,960","237,870","-0,27%"
"20.11.2020","238,600","238,830","238,830","238,600","-0,54%"
"19.11.2020","239,890","239,900","239,900","239,890","0,33%"
"18.11.2020","239,100","241,550","241,550","239,100","-1,19%"
"17.11.2020","241,980","240,880","241,980","240,880","0,40%"
"16.11.2020","241,020","245,700","245,700","241,020","-2,76%"
"13.11.2020","247,860","242,240","247,860","242,240","2,32%"
"12.11.2020","242,240","242,240","242,240","242,240","4,56%"
"10.11.2020","231,680","231,680","231,680","231,680","1,69%"
"09.11.2020","227,840","252,340","252,340","227,840","-9,86%"
"06.11.2020","252,750","256,890","256,890","252,750","-2,04%"
"05.11.2020","258,010","265,820","265,820","258,010","-3,96%"
"04.11.2020","268,640","274,220","274,220","268,640","-2,45%"
"03.11.2020","275,390","280,500","280,500","275,390","-1,78%"
"02.11.2020","280,370","280,370","280,370","280,370","0,01%"
"30.10.2020","280,350","282,540","282,540","279,120","-0,78%"
"29.10.2020","282,540","281,660","282,540","281,660","-1,03%"
"28.10.2020","285,470","274,750","285,470","274,750","3,32%"
"27.10.2020","276,310","276,620","276,620","276,310","-0,74%"
"26.10.2020","278,370","273,860","278,370","273,860","1,49%"
"23.10.2020","274,290","274,280","274,290","274,280","-1,97%"
"22.10.2020","279,790","281,700","281,700","279,790","0,74%"
"21.10.2020","277,740","279,800","279,800","277,740","-0,92%"
"20.10.2020","280,320","282,730","282,730","280,320","-0,85%"
"19.10.2020","282,710","281,700","282,710","281,700","0,31%"
"16.10.2020","281,850","285,450","285,450","281,850","-1,72%"
"15.10.2020","286,780","284,380","286,780","284,380","0,12%"
"14.10.2020","286,430","285,400","286,430","285,400","1,49%"
"13.10.2020","282,220","278,900","282,220","278,900","1,15%"
"12.10.2020","279,010","278,950","279,010","278,950","-0,01%"
"09.10.2020","279,030","285,400","285,400","279,030","-2,39%"
"08.10.2020","285,870","307,380","307,380","285,870","-1,26%"
"07.10.2020","289,510","295,550","295,550","289,510","-0,83%"
"06.10.2020","291,920","296,430","296,430","291,920","-1,10%"
"05.10.2020","295,160","307,380","307,380","295,160","-4,23%"
"02.10.2020","308,210","306,250","308,210","306,250","0,25%"
"01.10.2020","307,450","309,330","309,330","307,450","-1,18%"
"30.09.2020","311,120","314,830","314,830","311,120","-1,48%"
"29.09.2020","315,800","313,040","315,800","313,040","1,30%"
"28.09.2020","311,760","313,050","313,050","311,760","-0,31%"
"25.09.2020","312,730","313,040","313,040","312,730","-1,03%"
"24.09.2020","315,980","313,050","315,980","313,050","2,58%"
"23.09.2020","308,030","258,390","308,030","258,390","3,30%"
"22.09.2020","298,190","290,860","298,190","290,860","1,93%"
"21.09.2020","292,540","263,180","292,540","263,180","8,71%"
"18.09.2020","269,090","260,280","269,090","260,280","1,41%"
"17.09.2020","265,350","258,390","265,350","258,390","0,90%"
"16.09.2020","262,980","260,280","262,980","260,280","-0,22%"
"15.09.2020","263,550","263,180","263,550","263,180","-1,01%"
"14.09.2020","266,250","263,980","266,250","263,980","-0,88%"
"11.09.2020","268,620","266,900","268,620","266,900","1,13%"
"10.09.2020","265,620","270,260","270,260","265,620","-2,47%"
"09.09.2020","272,340","274,330","274,330","272,340","-2,11%"
"08.09.2020","278,220","270,260","278,220","270,260","1,95%"
"07.09.2020","272,900","270,260","272,900","270,260","0,02%"
"04.09.2020","272,840","274,290","274,290","272,840","1,61%"
"03.09.2020","268,520","288,640","288,640","268,520","3,15%"
"02.09.2020","260,310","274,290","274,290","260,310","-2,63%"
"01.09.2020","267,330","274,290","274,290","267,330","-4,17%"
"31.08.2020","278,970","274,290","278,970","274,290","0,56%"
"28.08.2020","277,430","283,320","283,320","277,430","-3,24%"
"27.08.2020","286,720","286,040","286,720","286,040","-0,96%"
"26.08.2020","289,510","276,580","289,510","276,580","3,56%"
"25.08.2020","279,570","278,340","279,570","278,340","-0,96%"
"24.08.2020","282,270","285,900","285,900","282,270","-2,31%"
"21.08.2020","288,940","288,640","288,940","288,640","-3,39%"
"20.08.2020","299,070","288,810","299,070","288,810","2,72%"
"19.08.2020","291,160","285,650","291,160","285,650","1,09%"
"18.08.2020","288,020","291,398","291,398","288,020","-2,16%"
"17.08.2020","294,370","289,600","294,370","289,600","0,80%"
"14.08.2020","292,040","277,480","292,040","277,480","2,12%"
"13.08.2020","285,970","277,480","285,970","277,480","4,15%"
"12.08.2020","274,570","270,850","274,570","270,850","1,09%"
"11.08.2020","271,610","272,590","272,590","271,610","-1,23%"
"10.08.2020","275,000","277,520","277,520","275,000","-2,18%"
"07.08.2020","281,130","277,198","281,130","277,198","0,47%"
"06.08.2020","279,820","282,700","282,700","279,820","-1,48%"
"05.08.2020","284,010","282,700","284,010","282,700","-1,00%"
"04.08.2020","286,880","280,160","286,880","280,160","1,63%"
"03.08.2020","282,280","281,952","282,280","279,970","0,12%"
"31.07.2020","281,952","281,952","281,952","281,952","-1,78%"
"30.07.2020","287,050","279,830","287,050","279,830","1,26%"
"29.07.2020","283,480","284,520","284,520","283,480","-1,42%"
"28.07.2020","287,560","282,050","287,560","282,050","0,07%"
"27.07.2020","287,350","289,580","289,580","287,350","-1,72%"
"24.07.2020","292,370","286,600","292,370","286,600","2,65%"
"23.07.2020","284,810","264,640","284,810","264,640","6,28%"
"22.07.2020","267,970","274,080","274,080","267,970","-2,57%"
"21.07.2020","275,050","283,640","283,640","275,050","-4,33%"
"20.07.2020","287,510","293,300","293,300","287,510","-2,35%"
"17.07.2020","294,430","302,670","302,670","294,430","-3,10%"
"16.07.2020","303,840","296,190","303,840","296,190","1,46%"
"15.07.2020","299,480","298,110","299,480","298,110","-1,05%"
"14.07.2020","302,651","299,820","302,651","299,820","1,49%"
"13.07.2020","298,210","300,320","300,320","298,210","-1,81%"
"10.07.2020","303,710","278,340","303,710","278,340","1,13%"
"09.07.2020","300,330","321,850","321,850","300,330","1,17%"
"08.07.2020","296,850","292,950","296,850","292,950","1,54%"
"07.07.2020","292,360","284,620","292,360","284,620","2,19%"
"06.07.2020","286,100","321,850","321,850","286,100","-0,64%"
"03.07.2020","287,950","307,390","307,390","287,950","0,55%"
"02.07.2020","286,380","296,190","296,190","286,380","-3,30%"
"01.07.2020","296,160","309,530","309,530","296,160","-5,21%"
"30.06.2020","312,430","320,580","320,580","312,430","-2,54%"
"29.06.2020","320,580","323,293","323,293","320,580","-0,84%"
"26.06.2020","323,293","323,293","323,293","323,293","1,99%"
"25.06.2020","316,970","321,560","321,560","316,970","-0,58%"
"24.06.2020","318,820","307,390","318,820","307,390","3,73%"
"23.06.2020","307,360","314,770","314,770","307,360","-3,89%"
"22.06.2020","319,810","319,680","319,810","319,680","0,04%"
"19.06.2020","319,680","324,320","324,320","319,680","-1,58%"
"18.06.2020","324,810","314,770","324,810","314,770","1,95%"
"17.06.2020","318,600","307,380","318,600","307,380","3,65%"
"16.06.2020","307,380","264,880","307,380","264,880","-3,59%"
"15.06.2020","318,830","321,850","321,850","318,830","-0,91%"
"12.06.2020","321,750","330,710","330,710","321,750","-2,70%"
"11.06.2020","330,670","282,930","330,670","282,930","14,88%"
"10.06.2020","287,850","278,340","287,850","278,340","3,40%"
"09.06.2020","278,390","267,200","278,390","267,200","4,18%"
"08.06.2020","267,210","264,880","267,210","264,880","0,83%"
"05.06.2020","265,000","285,670","302,390","265,000","-7,92%"
"04.06.2020","287,801","285,630","285,630","285,630","0,75%"
"03.06.2020","285,670","302,390","302,390","285,670","-5,52%"
"02.06.2020","302,370","330,820","330,820","302,370","-8,60%"
"01.06.2020","330,810","339,840","339,840","330,810","-4,05%"
"29.05.2020","344,760","326,150","344,760","326,150","5,68%"
"28.05.2020","326,240","326,150","326,240","326,150","0,05%"
"27.05.2020","326,080","331,030","331,030","326,080","-1,51%"
"26.05.2020","331,080","363,890","363,890","331,080","-9,02%"
"25.05.2020","363,890","363,830","363,890","363,830","0,01%"
"22.05.2020","363,850","354,410","363,850","354,410","2,68%"
"21.05.2020","354,360","368,680","368,680","354,360","-3,88%"
"20.05.2020","368,650","382,380","382,380","368,650","-3,61%"
"19.05.2020","382,460","378,990","382,460","378,990","0,98%"
"18.05.2020","378,730","397,130","397,130","378,730","-4,64%"
"15.05.2020","397,140","396,600","397,140","396,600","0,12%"
"14.05.2020","396,650","396,882","396,882","396,650","-0,05%"
"13.05.2020","396,840","382,860","396,840","382,860","3,83%"
"12.05.2020","382,210","382,860","382,860","382,210","3,62%"
"11.05.2020","368,860","377,130","377,130","368,860","0,00%"
"08.05.2020","368,860","377,130","377,130","368,860","-2,14%"
"07.05.2020","376,940","382,860","382,860","376,940","-1,53%"
"06.05.2020","382,800","368,720","382,800","368,720","3,87%"
"05.05.2020","368,530","351,440","368,530","351,440","-1,19%"
"04.05.2020","372,980","351,440","372,980","351,440","0,02%"
"01.05.2020","372,910","373,139","373,139","372,910","3,87%"
"30.04.2020","359,000","373,139","373,139","359,000","-3,77%"
"29.04.2020","373,060","425,572","425,572","373,060","-7,94%"
"28.04.2020","405,230","425,572","425,572","405,230","-4,77%"
"27.04.2020","425,530","420,240","425,530","420,240","1,31%"
"24.04.2020","420,030","381,920","420,030","381,920","9,98%"
"23.04.2020","381,930","377,800","381,930","377,800","2,59%"
"22.04.2020","372,300","351,440","372,300","351,440","0,02%"
"21.04.2020","372,220","351,440","372,220","351,440","5,88%"
"20.04.2020","351,560","347,410","351,560","347,410","1,25%"
"17.04.2020","347,210","350,898","350,898","347,210","-2,64%"
"16.04.2020","356,610","350,898","356,610","350,898","1,63%"
"15.04.2020","350,890","328,140","350,890","328,140","6,77%"
"14.04.2020","328,630","356,790","356,790","328,630","0,05%"
"13.04.2020","328,460","318,380","328,460","318,380","3,17%"
"10.04.2020","318,380","289,960","318,380","289,960","0,00%"
"09.04.2020","318,380","356,790","356,790","318,380","-15,30%"
"08.04.2020","375,900","375,900","375,900","375,900","-0,05%"
"07.04.2020","376,070","394,930","394,930","376,070","-4,76%"
"06.04.2020","394,850","408,320","408,320","394,850","-3,19%"
"03.04.2020","407,870","389,630","407,870","389,630","4,68%"
"02.04.2020","389,630","289,960","389,630","289,960","0,04%"
"01.04.2020","389,460","328,140","389,460","328,140","18,68%"
"31.03.2020","328,150","289,960","328,150","289,960","-0,01%"
"30.03.2020","328,190","289,960","328,190","289,960","1,81%"
"27.03.2020","322,340","289,960","322,340","289,960","11,17%"
"26.03.2020","289,960","361,410","361,410","289,960","1,59%"
"25.03.2020","285,420","361,410","361,410","285,420","-21,03%"
"24.03.2020","361,410","420,440","420,440","361,410","-14,04%"
"23.03.2020","420,440","397,650","420,440","397,650","5,35%"
"20.03.2020","399,100","397,650","399,100","397,650","-4,10%"
"19.03.2020","416,170","447,840","447,840","416,170","-7,07%"
"18.03.2020","447,840","375,080","447,840","375,080","19,40%"
"17.03.2020","375,080","389,090","389,090","375,080","-2,98%"
"16.03.2020","386,610","325,910","386,610","325,910","18,39%"
"13.03.2020","326,570","362,230","362,230","326,570","-11,29%"
"12.03.2020","368,120","297,560","368,120","297,560","23,74%"
"11.03.2020","297,500","250,870","297,500","250,870","18,59%"
"10.03.2020","250,870","250,870","250,870","250,870","14,52%"
"09.03.2020","219,060","219,060","219,060","219,060","-0,00%"
"06.03.2020","219,070","207,630","219,070","207,630","5,54%"
"05.03.2020","207,570","187,230","207,570","187,230","10,89%"
"04.03.2020","187,180","195,900","195,900","187,180","-4,46%"
"03.03.2020","195,920","200,880","200,880","195,920","-3,79%"
"02.03.2020","203,640","208,460","208,460","203,640","-4,58%"
"28.02.2020","213,410","203,120","213,410","203,120","5,24%"
"27.02.2020","202,780","189,300","202,780","189,300","8,25%"
"26.02.2020","187,330","184,450","187,330","184,450","2,40%"
"25.02.2020","182,940","175,470","182,940","175,470","4,33%"
"24.02.2020","175,340","169,880","175,340","169,880","3,94%"
"21.02.2020","168,700","168,980","168,980","168,700","0,29%"
"20.02.2020","168,220","169,140","169,140","168,220","0,24%"
"19.02.2020","167,820","169,000","169,000","167,820","-0,23%"
"18.02.2020","168,200","170,060","170,060","168,200","-0,22%"
"17.02.2020","168,570","169,980","169,980","168,570","0,04%"
"14.02.2020","168,510","174,100","174,100","168,510","-2,32%"
"13.02.2020","172,520","174,100","174,100","172,520","0,09%"
"12.02.2020","172,370","175,000","175,000","172,370","-0,78%"
"11.02.2020","173,720","176,690","176,690","173,720","-0,98%"
"10.02.2020","175,440","177,550","177,550","175,440","-0,28%"
"07.02.2020","175,930","175,930","175,930","175,930","2,42%"
"06.02.2020","171,780","173,100","173,100","171,780","0,24%"
"05.02.2020","171,370","176,050","176,050","171,370","-1,50%"
"04.02.2020","173,980","179,670","179,670","173,980","-2,25%"
"03.02.2020","177,980","181,190","181,190","177,980","-1,63%"
"31.01.2020","180,920","176,690","180,920","176,690","2,31%"
"30.01.2020","176,830","172,660","176,830","172,660","3,28%"
"29.01.2020","171,220","177,800","177,800","171,220","-2,49%"
"28.01.2020","175,600","184,960","184,960","175,600","-4,67%"
"27.01.2020","184,200","180,320","184,200","180,320","2,46%"
"24.01.2020","179,770","177,960","179,770","177,960","1,36%"
"23.01.2020","177,350","176,630","177,350","176,630","1,07%"
"22.01.2020","175,470","177,440","177,440","175,470","-0,29%"
"21.01.2020","175,980","176,650","176,650","175,980","0,23%"
"20.01.2020","175,570","176,680","176,680","175,570","-0,01%"
"17.01.2020","175,580","175,760","175,760","175,580","1,04%"
"16.01.2020","173,770","178,480","178,480","173,770","-0,01%"
"15.01.2020","173,780","178,620","178,620","173,780","-2,68%"
"14.01.2020","178,570","178,620","178,620","178,570","0,35%"
"13.01.2020","177,950","177,490","177,950","177,490","0,74%"
"10.01.2020","176,650","175,610","176,650","175,610","1,02%"
"09.01.2020","174,870","175,800","175,800","174,870","-0,29%"
"08.01.2020","175,380","177,580","177,580","175,380","-1,06%"
"07.01.2020","177,250","176,530","177,250","176,530","0,31%"
"06.01.2020","176,700","177,230","177,230","176,700","-0,62%"
"03.01.2020","177,810","175,950","177,810","175,950","1,56%"
"02.01.2020","175,080","177,610","177,610","175,080","-1,26%"
"01.01.2020","177,320","177,610","177,610","177,320","0,00%"
"31.12.2019","177,320","177,560","177,560","177,320","-0,34%"
"30.12.2019","177,920","178,410","178,410","177,920","-0,11%"
"27.12.2019","178,120","180,400","180,400","178,120","-1,25%"
"26.12.2019","180,370","182,320","182,320","180,370","-0,69%"
"25.12.2019","181,620","182,190","182,190","181,620","-0,01%"
"24.12.2019","181,640","182,330","182,330","181,640","-0,12%"
"23.12.2019","181,850","182,320","182,320","181,850","-0,05%"
"20.12.2019","181,940","182,280","182,280","181,940","0,06%"
"19.12.2019","181,830","177,590","181,830","177,590","2,52%"
"18.12.2019","177,360","175,580","177,360","175,580","1,41%"
"17.12.2019","174,900","175,760","175,760","174,900","-0,31%"
"16.12.2019","175,440","179,090","179,090","175,440","-1,65%"
"13.12.2019","178,380","179,870","179,870","178,380","-0,58%"
"12.12.2019","179,420","185,820","185,820","179,420","-3,33%"
"11.12.2019","185,610","192,730","192,730","185,610","-3,20%"
"10.12.2019","191,750","194,560","194,560","191,750","-1,41%"
"09.12.2019","194,500","195,420","195,420","194,500","-0,47%"
"06.12.2019","195,420","198,580","198,580","195,420","-1,47%"
"05.12.2019","198,340","200,570","200,570","198,340","-0,87%"
"04.12.2019","200,090","201,680","201,680","200,090","-1,23%"
"03.12.2019","202,580","202,310","202,580","202,310","-0,34%"
"02.12.2019","203,280","202,230","203,280","202,230","0,61%"
"29.11.2019","202,050","201,160","202,050","201,160","0,05%"
"28.11.2019","201,950","201,410","201,950","201,410","0,01%"
"27.11.2019","201,920","201,190","201,920","201,190","0,36%"
"26.11.2019","201,190","201,190","201,190","201,190","-0,35%"
"25.11.2019","201,890","201,240","201,890","201,240","0,03%"
"22.11.2019","201,830","204,240","204,240","201,830","-1,27%"
"21.11.2019","204,430","205,780","205,780","204,430","-0,50%"
"20.11.2019","205,450","203,920","205,450","203,920","0,71%"
"19.11.2019","204,010","202,030","204,010","202,030","1,18%"
"18.11.2019","201,640","199,360","201,640","199,360","1,16%"
"15.11.2019","199,330","199,920","199,920","199,330","-0,02%"
"14.11.2019","199,370","198,110","199,370","198,110","0,52%"
"13.11.2019","198,340","197,300","198,340","197,300","0,00%"
"12.11.2019","198,340","195,340","198,340","195,340","1,70%"
"11.11.2019","195,020","195,470","195,470","195,020","0,02%"
"08.11.2019","194,990","193,950","194,990","193,950","0,61%"
"07.11.2019","193,810","196,230","196,230","193,810","-1,37%"
"06.11.2019","196,500","193,800","196,500","193,800","1,76%"
"05.11.2019","193,110","192,800","193,110","192,800","-0,03%"
"04.11.2019","193,170","194,560","194,560","193,170","-0,71%"
"01.11.2019","194,560","198,720","198,720","194,560","-2,33%"
"31.10.2019","199,200","195,070","199,200","195,070","1,72%"
"30.10.2019","195,840","194,850","195,840","194,850","0,51%"
"29.10.2019","194,850","195,040","195,040","194,850","-0,10%"
"28.10.2019","195,040","196,400","196,400","195,040","-0,82%"
"25.10.2019","196,650","199,090","199,090","196,650","-1,23%"
"24.10.2019","199,100","201,000","201,000","199,100","-0,91%"
"23.10.2019","200,930","203,700","203,700","200,930","-1,72%"
"22.10.2019","204,440","205,100","205,100","204,440","-0,31%"
"21.10.2019","205,080","205,780","205,780","205,080","-1,29%"
"18.10.2019","207,750","206,770","207,750","206,770","-0,46%"
"17.10.2019","208,710","208,460","208,710","208,460","0,12%"
"16.10.2019","208,470","208,850","208,850","208,470","-0,65%"
"15.10.2019","209,840","210,260","210,260","209,840","-0,55%"
"14.10.2019","211,000","211,000","211,000","211,000","-0,00%"
"11.10.2019","211,010","214,830","214,830","211,010","-2,34%"
"10.10.2019","216,060","216,470","216,470","216,060","-1,05%"
"09.10.2019","218,350","219,760","219,760","218,350","-1,15%"
"08.10.2019","220,890","216,520","220,890","216,520","2,04%"
"07.10.2019","216,480","214,340","216,480","214,340","1,05%"
"04.10.2019","214,230","213,850","214,230","213,850","0,19%"
"03.10.2019","213,830","214,960","214,960","213,830","-1,54%"
"02.10.2019","217,180","215,020","217,180","215,020","1,80%"
"01.10.2019","213,340","213,340","213,340","213,340","-0,02%"
"30.09.2019","213,380","215,250","215,250","213,380","-0,38%"
"27.09.2019","214,200","214,200","214,200","214,200","0,00%"
"26.09.2019","214,190","212,890","214,190","212,890","-0,48%"
"25.09.2019","215,230","213,820","215,230","213,820","0,71%"
"24.09.2019","213,720","209,470","213,720","209,470","2,48%"
"23.09.2019","208,540","207,330","208,540","207,330","0,57%"
"20.09.2019","207,350","198,770","207,350","198,770","3,87%"
"19.09.2019","199,630","200,200","200,200","199,630","-1,00%"
"18.09.2019","201,650","200,110","201,650","200,110","0,79%"
"17.09.2019","200,060","201,820","201,820","200,060","-0,87%"
"16.09.2019","201,810","200,800","201,810","200,800","-0,40%"
"13.09.2019","202,630","199,460","202,630","199,460","0,00%"
"12.09.2019","202,630","202,630","202,630","202,630","-1,23%"
"11.09.2019","205,160","204,580","205,160","204,580","1,30%"
"10.09.2019","202,530","202,530","202,530","202,530","-0,28%"
"09.09.2019","203,090","203,090","203,090","203,090","-0,46%"
"06.09.2019","204,020","204,550","204,550","204,020","-1,20%"
"05.09.2019","206,500","205,800","206,500","205,800","-0,16%"
"04.09.2019","206,830","211,370","211,370","206,830","-2,61%"
"03.09.2019","212,370","214,100","214,100","212,370","-0,47%"
"02.09.2019","213,380","213,950","213,950","213,380","-0,03%"
"30.08.2019","213,450","217,490","217,490","213,450","-2,65%"
"29.08.2019","219,260","219,030","220,140","219,030","-0,40%"
"28.08.2019","220,140","219,030","220,140","219,030","-0,30%"
"27.08.2019","220,800","220,400","220,800","220,400","-0,59%"
"26.08.2019","222,110","217,950","222,110","217,950","1,68%"
"23.08.2019","218,450","214,780","218,450","214,780","0,94%"
"22.08.2019","216,420","215,790","216,420","215,790","-0,47%"
"21.08.2019","217,440","218,140","218,140","217,440","-1,12%"
"20.08.2019","219,900","218,780","219,900","218,780","0,00%"
"19.08.2019","219,890","218,780","219,890","218,780","0,71%"
"16.08.2019","218,330","218,780","218,780","218,330","-1,06%"
"15.08.2019","220,660","219,790","220,660","219,790","-0,72%"
"14.08.2019","222,250","212,220","222,250","212,220","4,14%"
"13.08.2019","213,420","215,110","215,110","213,420","-1,45%"
"12.08.2019","216,550","209,120","216,550","209,120","2,57%"
"09.08.2019","211,130","208,960","211,130","208,960","1,04%"
"08.08.2019","208,950","208,950","208,950","208,950","-4,50%"
"07.08.2019","218,800","209,120","218,800","209,120","0,48%"
"06.08.2019","217,750","221,140","221,140","217,750","-2,47%"
"05.08.2019","223,260","211,550","223,260","211,550","4,84%"
"02.08.2019","212,960","209,120","212,960","209,120","2,34%"
"01.08.2019","208,090","205,830","208,090","205,830","0,35%"
"31.07.2019","207,370","205,510","207,370","205,510","0,45%"
"30.07.2019","206,450","203,980","206,450","203,980","0,76%"
"29.07.2019","204,890","202,630","204,890","202,630","0,33%"
"26.07.2019","204,210","204,180","204,210","204,180","-0,53%"
"25.07.2019","205,290","204,940","205,290","204,940","-0,43%"
"24.07.2019","206,180","206,140","206,180","206,140","-0,80%"
"23.07.2019","207,840","206,940","207,840","206,940","-0,04%"
"22.07.2019","207,930","208,550","208,550","207,930","-0,34%"
"19.07.2019","208,630","206,660","208,630","206,660","-0,05%"
"18.07.2019","208,740","208,550","208,740","208,550","-0,48%"
"17.07.2019","209,750","209,050","209,750","209,050","0,03%"
"16.07.2019","209,680","206,510","209,680","206,510","0,64%"
"15.07.2019","208,340","206,510","208,340","206,510","-0,04%"
"12.07.2019","208,430","209,390","209,390","208,430","-0,98%"
"11.07.2019","210,490","209,360","210,490","209,360","0,03%"
"10.07.2019","210,420","221,870","221,870","210,420","-2,47%"
"09.07.2019","215,740","221,870","221,870","215,740","-3,55%"
"08.07.2019","223,690","223,800","223,800","223,690","-0,77%"
"05.07.2019","225,420","224,560","225,420","224,560","-0,64%"
"04.07.2019","226,870","224,490","226,870","224,490","0,00%"
"03.07.2019","226,860","225,310","226,860","225,310","-0,07%"
"02.07.2019","227,020","229,870","229,870","227,020","0,29%"
"01.07.2019","226,370","229,870","229,870","226,370","-1,53%"
"28.06.2019","229,890","229,870","229,890","229,870","0,02%"
"27.06.2019","229,850","229,390","229,850","229,390","-1,23%"
"26.06.2019","232,720","231,640","232,720","231,640","0,39%"
"25.06.2019","231,810","229,590","231,810","229,590","0,32%"
"24.06.2019","231,080","228,180","231,080","228,180","0,54%"
"21.06.2019","229,830","227,020","229,830","227,020","1,07%"
"20.06.2019","227,390","230,360","230,360","227,390","-2,34%"
"19.06.2019","232,850","235,390","235,390","232,850","-1,33%"
"18.06.2019","235,980","242,330","242,330","235,980","-3,16%"
"17.06.2019","243,670","239,890","243,670","239,890","0,03%"
"14.06.2019","243,590","239,890","243,590","239,890","0,83%"
"13.06.2019","241,580","242,770","242,770","241,580","-0,68%"
"12.06.2019","243,240","242,110","243,240","242,110","-0,90%"
"11.06.2019","245,460","245,420","245,460","245,420","-0,45%"
"10.06.2019","246,580","249,960","249,960","246,580","-0,07%"
"07.06.2019","246,750","249,960","249,960","246,750","-1,77%"
"06.06.2019","251,190","252,710","252,710","251,190","-0,35%"
"05.06.2019","252,070","253,490","253,490","252,070","0,92%"
"04.06.2019","249,770","253,490","253,490","249,770","-2,51%"
"03.06.2019","256,190","255,740","256,190","255,740","-0,18%"
"31.05.2019","256,660","256,230","256,660","256,230","0,12%"
"30.05.2019","256,360","256,600","256,600","256,360","-0,52%"
"29.05.2019","257,700","257,130","257,700","257,130","0,01%"
"28.05.2019","257,680","256,880","257,680","256,880","0,26%"
"27.05.2019","257,020","256,600","257,020","256,600","0,00%"
"24.05.2019","257,010","256,880","257,010","256,880","-0,36%"
"23.05.2019","257,930","254,260","257,930","254,260","1,10%"
"22.05.2019","255,130","253,820","255,130","253,820","0,15%"
"21.05.2019","254,750","259,560","259,560","254,750","-2,44%"
"20.05.2019","261,130","262,100","262,100","261,130","-0,56%"
"17.05.2019","262,600","262,600","262,600","262,600","1,44%"
"16.05.2019","258,880","252,240","252,240","252,240","3,22%"
"15.05.2019","250,800","250,700","250,800","250,700","-0,85%"
"14.05.2019","252,950","250,440","252,950","250,440","-0,17%"
"13.05.2019","253,370","248,960","253,370","248,960","1,51%"
"10.05.2019","249,590","250,440","250,440","249,590","-0,41%"
"09.05.2019","250,630","248,960","250,630","248,960","0,44%"
"08.05.2019","249,520","253,170","253,170","249,520","-1,30%"
"07.05.2019","252,810","248,450","252,810","248,450","1,58%"
"06.05.2019","248,880","246,700","248,880","246,700","0,35%"
"03.05.2019","248,020","251,870","251,870","248,020","-1,69%"
"02.05.2019","252,290","250,770","252,290","250,770","0,72%"
"01.05.2019","250,480","249,510","250,480","249,510","0,17%"
"30.04.2019","250,050","249,800","250,050","249,800","-0,10%"
"29.04.2019","250,300","252,250","252,250","250,300","-0,73%"
"26.04.2019","252,150","252,700","252,700","252,150","-0,74%"
"25.04.2019","254,030","254,110","254,110","254,030","0,28%"
"24.04.2019","253,320","245,730","253,320","245,730","2,87%"
"23.04.2019","246,260","247,870","247,870","246,260","-0,64%"
"22.04.2019","247,840","248,710","248,710","247,840","-0,52%"
"19.04.2019","249,140","248,480","249,140","248,480","0,00%"
"18.04.2019","249,140","248,740","249,140","248,740","0,09%"
"17.04.2019","248,920","245,170","248,920","245,170","1,26%"
"16.04.2019","245,830","245,880","245,880","245,830","-0,15%"
"15.04.2019","246,190","248,230","248,230","246,190","-1,00%"
"12.04.2019","248,670","248,010","248,670","248,010","-0,05%"
"11.04.2019","248,800","244,660","248,800","244,660","1,39%"
"10.04.2019","245,380","246,670","246,670","245,380","-0,68%"
"09.04.2019","247,070","246,930","247,070","246,930","-0,40%"
"08.04.2019","248,070","247,620","248,070","247,620","-0,04%"
"05.04.2019","248,160","249,540","249,540","248,160","-0,62%"
"04.04.2019","249,700","247,840","249,700","247,840","0,83%"
"03.04.2019","247,640","246,430","247,640","246,430","0,52%"
"02.04.2019","246,360","246,330","246,360","246,330","0,01%"
"01.04.2019","246,330","250,860","250,860","246,330","-2,13%"
"29.03.2019","251,700","254,670","254,670","251,700","-1,77%"
"28.03.2019","256,230","260,850","260,850","256,230","-2,01%"
"27.03.2019","261,480","245,060","261,480","245,060","5,76%"
"26.03.2019","247,230","246,340","247,230","246,340","-0,88%"
"25.03.2019","249,430","251,740","251,740","249,430","-1,82%"
"22.03.2019","254,060","236,390","254,060","236,390","6,75%"
"21.03.2019","238,000","234,790","238,000","234,790","1,54%"
"20.03.2019","234,380","229,060","234,380","229,060","1,52%"
"19.03.2019","230,880","232,850","232,850","230,880","-1,87%"
"18.03.2019","235,280","235,480","235,480","235,280","-0,98%"
"15.03.2019","237,600","236,730","237,600","236,730","-0,18%"
"14.03.2019","238,030","234,860","238,030","234,860","0,44%"
"13.03.2019","236,990","236,390","236,990","236,390","-0,21%"
"12.03.2019","237,490","235,810","237,490","235,810","0,38%"
"11.03.2019","236,600","243,260","243,260","236,600","-3,53%"
"08.03.2019","245,260","245,930","245,930","245,260","-0,55%"
"07.03.2019","246,610","230,830","246,610","230,830","0,99%"
"06.03.2019","244,200","242,430","244,200","242,430","0,70%"
"05.03.2019","242,500","237,350","242,500","237,350","1,76%"
"04.03.2019","238,300","236,930","238,300","236,930","0,33%"
"01.03.2019","237,510","233,050","237,510","233,050","1,52%"
"28.02.2019","233,950","229,390","233,950","229,390","1,33%"
"27.02.2019","230,870","230,830","230,870","230,830","-1,38%"
"26.02.2019","234,110","240,750","240,750","234,110","-0,63%"
"25.02.2019","235,600","240,750","240,750","239,110","-1,47%"
"22.02.2019","239,110","240,750","240,750","239,110","-1,74%"
"21.02.2019","243,350","237,360","243,350","237,360","0,98%"
"20.02.2019","240,990","237,360","240,990","237,360","0,79%"
"19.02.2019","239,100","237,620","239,100","237,620","0,03%"
"18.02.2019","239,020","237,650","239,020","237,650","0,00%"
"15.02.2019","239,010","240,100","240,100","239,010","-1,14%"
"14.02.2019","241,770","244,420","244,420","241,770","-1,66%"
"13.02.2019","245,850","244,320","245,850","244,320","0,36%"
"12.02.2019","244,980","249,060","249,060","244,980","-1,88%"
"11.02.2019","249,680","246,900","249,680","246,900","0,79%"
"08.02.2019","247,720","243,910","247,720","243,910","1,68%"
"07.02.2019","243,630","240,260","243,630","240,260","1,64%"
"06.02.2019","239,710","232,760","239,710","232,760","2,41%"
"05.02.2019","234,060","234,970","234,970","234,060","-1,59%"
"04.02.2019","237,830","238,040","238,040","237,830","-0,31%"
"01.02.2019","238,570","236,380","238,570","236,380","0,65%"
"31.01.2019","237,030","239,340","239,340","237,030","-1,45%"
"30.01.2019","240,510","241,280","241,280","240,510","-0,79%"
"29.01.2019","242,430","240,810","242,430","240,810","-0,93%"
"28.01.2019","244,700","241,730","244,700","241,730","0,53%"
"25.01.2019","243,420","242,120","243,420","242,120","-0,01%"
"24.01.2019","243,440","241,470","243,440","241,470","-0,07%"
"23.01.2019","243,620","244,950","244,950","243,620","-1,53%"
"22.01.2019","247,410","240,810","247,410","240,810","2,24%"
"21.01.2019","241,980","240,810","241,980","240,810","0,01%"
"18.01.2019","241,960","247,330","247,330","241,960","-3,19%"
"17.01.2019","249,940","250,080","250,080","249,940","-0,47%"
"16.01.2019","251,120","251,060","251,120","251,060","-0,52%"
"15.01.2019","252,430","251,950","252,430","251,950","-0,19%"
"14.01.2019","252,910","267,020","267,020","252,910","0,38%"
"11.01.2019","251,960","252,030","252,030","251,960","0,35%"
"10.01.2019","251,090","247,990","251,090","247,990","1,41%"
"09.01.2019","247,590","252,260","252,260","247,590","-2,03%"
"08.01.2019","252,710","252,210","252,710","252,210","-0,02%"
"07.01.2019","252,770","257,640","257,640","252,770","-2,14%"
"04.01.2019","258,290","267,020","267,020","258,290","-3,27%"
"03.01.2019","267,030","269,790","269,790","267,030","-1,12%"
"02.01.2019","270,050","272,980","272,980","270,050","-1,79%"
"01.01.2019","274,980","272,870","274,980","272,870","0,00%"
"31.12.2018","274,980","275,330","275,330","274,980","-0,26%"
"28.12.2018","275,700","279,290","279,290","275,700","-1,05%"
"27.12.2018","278,620","281,970","281,970","278,620","-1,39%"
"26.12.2018","282,540","280,550","282,540","280,550","0,77%"
"25.12.2018","280,390","279,930","280,390","279,930","-0,01%"
"24.12.2018","280,420","278,130","280,420","278,130","1,03%"
"21.12.2018","277,560","278,130","278,130","277,560","0,93%"
"20.12.2018","275,010","278,080","278,080","275,010","2,68%"
"19.12.2018","267,840","278,130","278,130","267,840","0,33%"
"18.12.2018","266,970","278,130","278,130","266,970","-0,13%"
"17.12.2018","267,320","278,130","278,130","267,320","-0,44%"
"14.12.2018","268,510","278,080","278,080","268,510","-0,03%"
"13.12.2018","268,590","278,130","278,130","268,590","-1,99%"
"12.12.2018","274,040","278,130","278,130","274,040","-1,07%"
"11.12.2018","276,990","278,080","278,080","276,990","-0,70%"
"10.12.2018","278,930","278,080","278,930","278,080","0,35%"
"07.12.2018","277,960","278,130","278,130","277,960","-1,15%"
"06.12.2018","281,190","278,080","281,190","278,080","0,87%"
"05.12.2018","278,760","278,130","278,760","278,130","-5,02%"
"04.12.2018","293,500","278,130","293,500","278,130","5,75%"
"03.12.2018","277,550","283,500","283,500","283,500","-0,70%"
"30.11.2018","279,500","278,080","279,500","278,080","0,05%"
"29.11.2018","279,370","283,500","283,500","279,370","-0,96%"
"28.11.2018","282,070","293,970","293,970","282,070","-3,89%"
"27.11.2018","293,500","294,070","294,070","293,500","0,79%"
"26.11.2018","291,190","289,950","291,190","289,950","1,23%"
"23.11.2018","287,650","285,480","287,650","285,480","0,79%"
"22.11.2018","285,400","285,510","285,510","285,400","-0,01%"
"21.11.2018","285,440","289,340","289,340","285,440","-0,66%"
"20.11.2018","287,350","279,520","287,350","279,520","2,80%"
"19.11.2018","279,520","279,520","279,520","279,520","0,37%"
"16.11.2018","278,500","280,540","280,540","278,500","-0,56%"
"15.11.2018","280,080","281,490","281,490","280,080","-0,12%"
"14.11.2018","280,410","282,020","282,020","280,410","0,06%"
"13.11.2018","280,230","276,490","280,230","276,490","2,32%"
"12.11.2018","273,880","276,350","276,350","273,880","0,29%"
"09.11.2018","273,080","276,740","276,740","273,080","-0,38%"
"08.11.2018","274,130","269,900","274,130","269,900","1,99%"
"07.11.2018","268,790","273,800","273,800","268,790","-0,66%"
"06.11.2018","270,580","275,060","275,060","270,580","0,21%"
"05.11.2018","270,010","275,060","275,060","270,010","-0,79%"
"02.11.2018","272,150","277,250","277,250","272,150","-0,92%"
"01.11.2018","274,670","281,500","281,500","274,670","-1,32%"
"31.10.2018","278,340","281,360","281,360","278,340","-0,65%"
"30.10.2018","280,170","288,800","288,800","280,170","-1,75%"
"29.10.2018","285,150","284,330","285,150","284,330","0,83%"
"26.10.2018","282,810","287,940","287,940","282,810","-0,62%"
"25.10.2018","284,570","293,830","293,830","284,570","-0,98%"
"24.10.2018","287,380","287,440","287,440","287,380","1,10%"
"23.10.2018","284,250","287,690","287,690","284,250","-0,05%"
"22.10.2018","284,380","292,570","292,570","284,380","-1,33%"
"19.10.2018","288,210","296,110","296,110","288,210","-1,82%"
"18.10.2018","293,540","289,650","293,540","289,650","2,89%"
"17.10.2018","285,290","300,230","300,230","285,290","-0,78%"
"16.10.2018","287,530","300,230","300,230","287,530","-3,65%"
"15.10.2018","298,410","301,310","301,310","298,410","-0,16%"
"12.10.2018","298,880","303,700","303,700","298,880","-1,05%"
"11.10.2018","302,060","310,540","310,540","302,060","-1,56%"
"10.10.2018","306,840","297,460","306,840","297,460","3,50%"
"09.10.2018","296,450","296,940","296,940","296,450","-5,13%"
"08.10.2018","312,480","317,100","317,100","312,480","-3,15%"
"05.10.2018","322,640","317,190","322,640","317,190","-0,48%"
"04.10.2018","324,190","313,680","324,190","313,680","0,95%"
"03.10.2018","321,140","327,150","327,150","321,140","-3,35%"
"02.10.2018","332,280","340,920","340,920","332,280","-3,41%"
"01.10.2018","344,010","336,720","344,010","336,720","1,79%"
"28.09.2018","337,960","331,950","337,960","331,950","0,46%"
"27.09.2018","336,420","335,340","336,420","335,340","-0,78%"
"26.09.2018","339,070","345,120","345,120","339,070","-2,64%"
"25.09.2018","348,250","346,890","348,250","346,890","-0,25%"
"24.09.2018","349,130","340,140","349,130","340,140","2,32%"
"21.09.2018","341,200","351,520","351,520","341,200","-3,58%"
"20.09.2018","353,880","358,530","358,530","353,880","-1,83%"
"19.09.2018","360,490","362,600","362,600","360,490","-0,57%"
"18.09.2018","362,570","360,940","362,570","360,940","0,00%"
"17.09.2018","362,560","366,080","366,080","362,560","-1,26%"
"14.09.2018","367,170","364,840","367,170","364,840","1,15%"
"13.09.2018","363,000","363,610","363,610","363,000","0,17%"
"12.09.2018","362,380","369,900","369,900","362,380","-2,00%"
"11.09.2018","369,760","361,660","369,760","361,660","2,31%"
"10.09.2018","361,400","361,510","361,510","361,400","0,01%"
"07.09.2018","361,360","373,140","373,140","361,360","0,03%"
"06.09.2018","361,260","373,140","373,140","361,260","-2,63%"
"05.09.2018","371,000","387,550","387,550","371,000","-4,40%"
"04.09.2018","388,060","382,360","388,060","382,360","1,53%"
"03.09.2018","382,200","382,370","382,370","382,200","0,03%"
"31.08.2018","382,100","379,330","382,100","379,330","0,75%"
"30.08.2018","379,240","370,190","379,240","370,190","2,25%"
"29.08.2018","370,910","369,530","370,910","369,530","0,31%"
"28.08.2018","369,750","362,900","369,750","362,900","1,55%"
"27.08.2018","364,120","365,430","365,430","364,120","-0,05%"
"24.08.2018","364,300","360,840","364,300","360,840","0,91%"
"23.08.2018","361,030","347,860","361,030","347,860","3,22%"
"22.08.2018","349,760","339,740","349,760","339,740","3,33%"
"21.08.2018","338,480","327,730","338,480","327,730","2,87%"
"20.08.2018","329,050","324,150","329,050","324,150","1,08%"
"17.08.2018","325,540","324,810","325,540","324,810","1,42%"
"16.08.2018","320,970","324,810","324,810","320,970","-1,95%"
"15.08.2018","327,360","322,470","327,360","322,470","1,64%"
"14.08.2018","322,070","332,820","332,820","322,070","-4,04%"
"13.08.2018","335,640","326,190","335,640","326,190","2,49%"
"10.08.2018","327,500","315,120","327,500","315,120","4,55%"
"09.08.2018","313,240","307,990","313,240","307,990","2,27%"
"08.08.2018","306,280","307,990","307,990","306,280","0,73%"
"07.08.2018","304,060","302,030","304,060","302,030","1,52%"
"06.08.2018","299,510","301,890","301,890","299,510","0,03%"
"03.08.2018","299,430","306,700","306,700","299,430","-1,42%"
"02.08.2018","303,730","306,170","306,170","303,730","0,09%"
"01.08.2018","303,470","304,860","304,860","303,470","0,84%"
"31.07.2018","300,930","302,320","302,320","300,930","0,57%"
"30.07.2018","299,230","300,660","300,660","299,230","0,45%"
"27.07.2018","297,890","304,200","304,200","297,890","-1,06%"
"26.07.2018","301,070","302,300","302,300","301,070","-0,47%"
"25.07.2018","302,490","312,390","312,390","302,490","-2,08%"
"24.07.2018","308,930","315,680","315,680","308,930","-1,35%"
"23.07.2018","313,160","315,660","315,660","313,160","0,24%"
"20.07.2018","312,400","324,280","324,280","312,400","-3,51%"
"19.07.2018","323,770","330,370","330,370","323,770","-1,49%"
"18.07.2018","328,680","332,160","332,160","328,680","-0,62%"
"17.07.2018","330,740","334,100","334,100","330,740","-0,36%"
"16.07.2018","331,950","331,660","331,950","331,660","0,65%"
"13.07.2018","329,800","336,630","336,630","329,800","-1,42%"
"12.07.2018","334,550","342,730","342,730","334,550","-0,91%"
"11.07.2018","337,610","330,990","337,610","330,990","2,31%"
"10.07.2018","330,000","336,830","336,830","330,000","-1,45%"
"09.07.2018","334,840","339,070","339,070","334,840","-0,98%"
"06.07.2018","338,170","348,760","348,760","338,170","-3,01%"
"05.07.2018","348,650","352,530","352,530","348,650","-0,30%"
"04.07.2018","349,700","351,930","351,930","349,700","-0,17%"
"03.07.2018","350,310","306,780","350,310","306,780","-2,42%"
"02.07.2018","359,010","360,910","360,910","359,010","0,44%"
"29.06.2018","357,450","353,420","357,450","353,420","1,46%"
"28.06.2018","352,290","358,400","358,400","352,290","-1,09%"
"27.06.2018","356,180","349,570","356,180","349,570","2,26%"
"26.06.2018","348,320","352,250","352,250","348,320","-0,25%"
"25.06.2018","349,180","348,750","349,180","348,750","0,48%"
"22.06.2018","347,510","353,020","353,020","347,510","-1,06%"
"21.06.2018","351,220","358,290","358,290","351,220","-1,20%"
"20.06.2018","355,500","358,390","358,390","355,500","-0,54%"
"19.06.2018","357,430","364,440","364,440","357,430","-1,53%"
"18.06.2018","363,000","359,580","363,000","359,580","1,47%"
"15.06.2018","357,730","359,230","359,230","357,730","0,14%"
"14.06.2018","357,230","352,360","357,230","352,360","2,10%"
"13.06.2018","349,890","355,000","355,000","349,890","-0,78%"
"12.06.2018","352,630","344,710","352,630","344,710","3,04%"
"11.06.2018","342,240","340,130","342,240","340,130","1,28%"
"08.06.2018","337,930","343,100","343,100","337,930","-1,40%"
"07.06.2018","342,720","324,610","342,720","324,610","3,88%"
"06.06.2018","329,910","324,610","329,910","324,610","1,96%"
"05.06.2018","323,560","318,910","323,560","318,910","1,31%"
"04.06.2018","319,390","326,510","326,510","319,390","-2,03%"
"01.06.2018","326,010","320,470","326,010","320,470","2,10%"
"31.05.2018","319,300","308,720","319,300","308,720","3,90%"
"30.05.2018","307,310","298,280","307,310","298,280","4,67%"
"29.05.2018","293,600","282,100","293,600","282,100","6,42%"
"28.05.2018","275,900","281,700","281,700","275,900","0,01%"
"25.05.2018","275,880","279,460","279,460","275,880","0,40%"
"24.05.2018","274,780","275,820","275,820","274,780","1,13%"
"23.05.2018","271,720","282,160","282,160","271,720","-1,66%"
"22.05.2018","276,320","285,030","285,030","276,320","-1,35%"
"21.05.2018","280,110","292,970","292,970","280,110","-2,68%"
"18.05.2018","287,820","284,060","287,820","284,060","3,95%"
"17.05.2018","276,870","278,660","278,660","276,870","1,20%"
"16.05.2018","273,590","279,040","279,040","273,590","0,28%"
"15.05.2018","272,830","275,710","275,710","272,830","1,26%"
"14.05.2018","269,430","274,430","274,430","269,430","0,28%"
"11.05.2018","268,690","272,330","272,330","268,690","0,78%"
"10.05.2018","266,620","282,930","282,930","266,620","-4,35%"
"09.05.2018","278,750","290,380","290,380","278,750","-2,60%"
"08.05.2018","286,200","279,970","286,200","279,970","3,94%"
"07.05.2018","275,350","273,350","275,350","273,350","2,69%"
"04.05.2018","268,150","280,160","280,160","268,150","-2,96%"
"03.05.2018","276,320","265,670","276,320","265,670","2,85%"
"02.05.2018","268,660","268,800","268,800","268,660","2,30%"
"01.05.2018","262,620","264,850","264,850","262,620","1,12%"
"30.04.2018","259,710","258,580","259,710","258,580","1,98%"
"27.04.2018","254,680","261,300","261,300","254,680","-1,07%"
"26.04.2018","257,440","264,080","264,080","257,440","-0,89%"
"25.04.2018","259,760","262,880","262,880","259,760","0,46%"
"24.04.2018","258,560","261,090","261,090","258,560","0,72%"
"23.04.2018","256,720","261,690","261,690","256,720","-0,30%"
"20.04.2018","257,480","258,390","258,390","257,480","1,02%"
"19.04.2018","254,880","256,570","256,570","254,880","1,89%"
"18.04.2018","250,160","257,120","257,120","250,160","-0,48%"
"17.04.2018","251,360","259,520","259,520","251,360","-1,30%"
"16.04.2018","254,670","260,380","260,380","254,670","-0,36%"
"13.04.2018","255,580","257,590","257,590","255,580","1,59%"
"12.04.2018","251,590","257,210","257,210","251,590","-0,29%"
"11.04.2018","252,320","258,330","258,330","252,320","0,01%"
"10.04.2018","252,300","260,960","260,960","252,300","-1,07%"
"09.04.2018","255,040","258,660","258,660","255,040","0,34%"
"06.04.2018","254,180","253,760","254,180","253,760","1,93%"
"05.04.2018","249,360","259,970","259,970","249,360","-2,36%"
"04.04.2018","255,390","258,360","258,360","255,390","0,42%"
"03.04.2018","254,320","260,130","260,130","254,320","-0,52%"
"02.04.2018","255,660","257,150","257,150","255,660","1,14%"
"30.03.2018","252,770","252,770","252,770","252,770","0,00%"
"29.03.2018","252,770","267,160","267,160","252,770","-1,21%"
"28.03.2018","255,860","267,160","267,160","255,860","-0,44%"
"27.03.2018","256,980","267,160","267,160","256,980","0,11%"
"26.03.2018","256,690","267,160","267,160","256,690","-1,97%"
"23.03.2018","261,840","257,300","261,840","257,300","2,07%"
"22.03.2018","256,540","257,300","257,300","256,540","0,94%"
"21.03.2018","254,150","257,300","257,300","254,150","-0,94%"
"20.03.2018","256,560","257,300","257,300","256,560","2,81%"
"19.03.2018","249,540","257,300","257,300","249,540","2,51%"
"16.03.2018","243,420","257,300","257,300","243,420","-0,00%"
"15.03.2018","243,430","257,300","257,300","243,430","1,05%"
"14.03.2018","240,910","257,300","257,300","240,910","-0,26%"
"13.03.2018","241,530","257,300","257,300","241,530","0,29%"
"12.03.2018","240,840","257,300","257,300","240,840","-0,35%"
"09.03.2018","241,680","257,300","257,300","241,680","-2,79%"
"08.03.2018","248,610","257,300","257,300","248,610","-0,04%"
"07.03.2018","248,700","257,300","257,300","248,700","0,47%"
"06.03.2018","247,530","257,300","257,300","247,530","-0,67%"
"05.03.2018","249,190","257,300","257,300","249,190","-1,52%"
"02.03.2018","253,030","257,300","257,300","253,030","-0,94%"
"01.03.2018","255,440","257,300","257,300","255,440","0,90%"
"28.02.2018","253,160","254,110","254,110","253,160","1,21%"
"27.02.2018","250,130","248,440","250,130","248,440","2,21%"
"26.02.2018","244,730","252,430","252,430","244,730","-1,83%"
"23.02.2018","249,300","255,300","255,300","249,300","-0,93%"
"22.02.2018","251,650","257,800","257,800","251,650","-0,69%"
"21.02.2018","253,390","255,680","255,680","253,390","0,06%"
"20.02.2018","253,240","251,880","253,240","251,880","3,09%"
"19.02.2018","245,660","251,570","251,570","245,660","-0,00%"
"16.02.2018","245,670","251,230","251,230","245,670","0,33%"
"15.02.2018","244,870","260,900","260,900","244,870","-4,43%"
"14.02.2018","256,230","268,670","268,670","256,230","-2,89%"
"13.02.2018","263,860","263,420","263,860","263,420","1,19%"
"12.02.2018","260,760","264,960","264,960","260,760","-2,09%"
"09.02.2018","266,330","258,800","266,330","258,800","3,98%"
"08.02.2018","256,140","245,780","256,140","245,780","4,71%"
"07.02.2018","244,610","244,900","244,900","244,610","0,54%"
"06.02.2018","243,290","246,790","246,790","243,290","-0,86%"
"05.02.2018","245,400","240,700","245,400","240,700","3,30%"
"02.02.2018","237,570","233,180","237,570","233,180","2,36%"
"01.02.2018","232,100","232,310","232,310","232,100","-0,09%"
"31.01.2018","232,310","234,040","234,040","232,310","0,16%"
"30.01.2018","231,930","232,640","232,640","231,930","1,34%"
"29.01.2018","228,860","228,860","228,860","228,860","0,89%"
"26.01.2018","226,830","226,830","226,830","226,830","-0,30%"
"25.01.2018","227,510","227,510","227,510","227,510","-0,83%"
"24.01.2018","229,410","229,410","229,410","229,410","-3,53%"
"23.01.2018","237,810","234,960","237,810","234,960","0,72%"
"22.01.2018","236,100","236,100","236,100","236,100","-0,51%"
"19.01.2018","237,300","235,850","237,300","235,850","1,27%"
"18.01.2018","234,330","234,720","234,720","234,330","0,21%"
"17.01.2018","233,830","234,720","234,720","233,830","0,32%"
"16.01.2018","233,090","234,720","234,720","233,090","-0,00%"
"15.01.2018","233,100","234,720","234,720","233,100","0,00%"
"12.01.2018","233,100","234,720","234,720","233,100","-0,18%"
"11.01.2018","233,510","236,330","236,330","233,510","-0,53%"
"10.01.2018","234,750","235,010","235,010","234,750","0,44%"
"09.01.2018","233,730","234,270","234,270","233,730","0,18%"
"08.01.2018","233,320","234,420","234,420","233,320","-0,03%"
"05.01.2018","233,380","235,890","235,890","233,380","-0,72%"
"04.01.2018","235,070","240,380","240,380","235,070","-1,53%"
"03.01.2018","238,730","244,490","244,490","238,730","-1,75%"
"02.01.2018","242,980","249,420","249,420","242,980","-2,87%"
"01.01.2018","250,160","249,270","250,160","249,270","-0,02%"